Title,Date,Watch Year,Type,Series Name,Season and Episode
"High-Rise Invasion: I'm Sorry, Mayuko Nise",2025-02-11,2025,Show,High-Rise Invasion,"I'm Sorry, Mayuko Nise"
High-Rise Invasion: I've Found a New Goal,2025-02-11,2025,Show,High-Rise Invasion,I've Found a New Goal
Suits: Season 1: Identity Crisis,2025-02-11,2025,Show,Suits,Season 1: Identity Crisis
Suits: Season 1: Play the Man,2025-02-11,2025,Show,Suits,Season 1: Play the Man
The Night Agent: Season 2: Disconnected,2025-02-11,2025,Show,The Night Agent,Season 2: Disconnected
Suits: Season 1: Tricks of the Trade,2025-02-07,2025,Show,Suits,Season 1: Tricks of the Trade
The Night Agent: Season 2: Call Tracking,2025-02-07,2025,Show,The Night Agent,Season 2: Call Tracking
Suits: Season 1: Bail Out,2025-02-06,2025,Show,Suits,Season 1: Bail Out
Suits: Season 1: Dirty Little Secrets,2025-02-06,2025,Show,Suits,Season 1: Dirty Little Secrets
Suits: Season 1: Inside Track,2025-02-05,2025,Show,Suits,Season 1: Inside Track
The Night Agent: Season 1: Fathers,2025-02-05,2025,Show,The Night Agent,Season 1: Fathers
The Night Agent: Season 1: The Devil We Know,2025-02-05,2025,Show,The Night Agent,Season 1: The Devil We Know
The Night Agent: Season 1: Redux,2025-02-03,2025,Show,The Night Agent,Season 1: Redux
Suits: Season 1: Errors and Omissions,2025-02-03,2025,Show,Suits,Season 1: Errors and Omissions
Suits: Season 1: Pilot Part 1 & 2,2025-02-03,2025,Show,Suits,Season 1: Pilot Part 1 & 2
The Night Agent: Season 1: Best Served Cold,2025-02-02,2025,Show,The Night Agent,Season 1: Best Served Cold
Pushpa 2: The Rule (Reloaded Version),2025-02-02,2025,Show,Pushpa 2,The Rule (Reloaded Version)
Mononoke The Movie: The Phantom in the Rain,2025-02-02,2025,Show,Mononoke The Movie,The Phantom in the Rain
"BASTARD‼ -Heavy Metal, Dark Fantasy-: Season 1: The Arrival",2025-02-02,2025,Show,"BASTARD‼ -Heavy Metal, Dark Fantasy-",Season 1: The Arrival
The Grimm Variations: Cinderella,2025-02-02,2025,Show,The Grimm Variations,Cinderella
Cyberpunk: Edgerunners: Let You Down,2025-02-02,2025,Show,Cyberpunk,Edgerunners: Let You Down
High-Rise Invasion: I Just Don't Get This World,2025-02-02,2025,Show,High-Rise Invasion,I Just Don't Get This World
Cyberpunk: Edgerunners: All Eyez On Me,2025-02-02,2025,Show,Cyberpunk,Edgerunners: All Eyez On Me
Cyberpunk: Edgerunners: Lucky You,2025-02-02,2025,Show,Cyberpunk,Edgerunners: Lucky You
Cyberpunk: Edgerunners: Smooth Criminal,2025-02-02,2025,Show,Cyberpunk,Edgerunners: Smooth Criminal
Cyberpunk: Edgerunners: Like A Boy,2025-02-02,2025,Show,Cyberpunk,Edgerunners: Like A Boy
The Night Agent: Season 1: Fathoms,2025-02-02,2025,Show,The Night Agent,Season 1: Fathoms
The Night Agent: Season 1: The Marionette,2025-02-01,2025,Show,The Night Agent,Season 1: The Marionette
The Night Agent: Season 1: Eyes Only,2025-02-01,2025,Show,The Night Agent,Season 1: Eyes Only
The Night Agent: Season 1: The Zookeeper,2025-02-01,2025,Show,The Night Agent,Season 1: The Zookeeper
SAKAMOTO DAYS: The Legendary Hit Man,2025-02-01,2025,Show,SAKAMOTO DAYS,The Legendary Hit Man
The Night Agent: Season 1: Redial,2025-01-31,2025,Show,The Night Agent,Season 1: Redial
Bloodhounds: Episode 8,2025-01-31,2025,Show,Bloodhounds,Episode 8
Wu Assassins: Drunken Watermelon,2025-01-31,2025,Show,Wu Assassins,Drunken Watermelon
The Night Agent: Season 1: The Call,2025-01-30,2025,Show,The Night Agent,Season 1: The Call
Bloodhounds: Episode 7,2025-01-30,2025,Show,Bloodhounds,Episode 7
Bloodhounds: Episode 6,2025-01-30,2025,Show,Bloodhounds,Episode 6
Bloodhounds: Episode 5,2025-01-30,2025,Show,Bloodhounds,Episode 5
Bloodhounds: Episode 4,2025-01-29,2025,Show,Bloodhounds,Episode 4
Bloodhounds: Episode 3,2025-01-29,2025,Show,Bloodhounds,Episode 3
Bloodhounds: Episode 2,2025-01-28,2025,Show,Bloodhounds,Episode 2
Bloodhounds: Episode 1,2025-01-28,2025,Show,Bloodhounds,Episode 1
Castlevania: Nocturne: Season 1: Horror Beyond Nightmares,2025-01-27,2025,Show,Castlevania,Nocturne: Season 1: Horror Beyond Nightmares
Castlevania: Nocturne: Season 1: A Common Enemy in Evil,2025-01-27,2025,Show,Castlevania,Nocturne: Season 1: A Common Enemy in Evil
Don't Look Up,2025-01-27,2025,Movie,,
Cyberpunk: Edgerunners: My Moon My Man,2025-01-26,2025,Show,Cyberpunk,Edgerunners: My Moon My Man
Cyberpunk: Edgerunners: Humanity,2025-01-26,2025,Show,Cyberpunk,Edgerunners: Humanity
Cyberpunk: Edgerunners: Stay,2025-01-26,2025,Show,Cyberpunk,Edgerunners: Stay
The Lost City,2025-01-25,2025,Movie,,
Cyberpunk: Edgerunners: Stronger,2025-01-25,2025,Show,Cyberpunk,Edgerunners: Stronger
Cyberpunk: Edgerunners: Girl on Fire,2025-01-25,2025,Show,Cyberpunk,Edgerunners: Girl on Fire
Robin Hood,2025-01-23,2025,Movie,,
The Union,2025-01-22,2025,Movie,,
Squid Game: Season 2: Friend or Foe,2025-01-18,2025,Show,Squid Game,Season 2: Friend or Foe
Squid Game: Season 2: O ﻿ X,2025-01-17,2025,Show,Squid Game,Season 2: O ﻿ X
Squid Game: Season 2: One More Game,2025-01-17,2025,Show,Squid Game,Season 2: One More Game
Squid Game: Season 2: Six Legs,2025-01-17,2025,Show,Squid Game,Season 2: Six Legs
Rush Hour,2025-01-16,2025,Movie,,
Squid Game: Season 2: 001,2025-01-16,2025,Show,Squid Game,Season 2: 001
Squid Game: Season 2: Halloween Party,2025-01-15,2025,Show,Squid Game,Season 2: Halloween Party
Squid Game: Season 2: Bread and Lottery,2025-01-15,2025,Show,Squid Game,Season 2: Bread and Lottery
Rush Hour 3,2025-01-15,2025,Movie,,
Rush Hour 2,2025-01-14,2025,Movie,,
The SpongeBob Movie: Sponge Out of Water,2025-01-06,2025,Show,The SpongeBob Movie,Sponge Out of Water
Dune,2025-01-05,2025,Movie,,
"DAN DA DAN: That's How Love Starts, Ya Know!",2025-01-05,2025,Show,DAN DA DAN,"That's How Love Starts, Ya Know!"
The Dark Tower,2025-01-03,2025,Movie,,
Mad Max: Fury Road,2025-01-02,2025,Show,Mad Max,Fury Road
Dune: Part Two,2025-01-01,2025,Show,Dune,Part Two
Saripodhaa Sanivaaram,2024-10-01,2024,Movie,,
Twilight of the Gods: The Bride-Price,2024-10-01,2024,Show,Twilight of the Gods,The Bride-Price
Buddy,2024-10-01,2024,Movie,,
Masaan,2024-07-31,2024,Movie,,
Raangi,2024-07-31,2024,Movie,,
Om Shanti Om,2024-07-31,2024,Movie,,
OK Jaanu,2024-07-24,2024,Movie,,
Haseen Dillruba,2024-07-18,2024,Movie,,
Salaar,2024-02-27,2024,Movie,,
Guntur Kaaram,2024-02-18,2024,Movie,,
Miss Shetty Mr. Polishetty,2024-01-11,2024,Movie,,
Killer Soup: Episode 1,2024-01-11,2024,Show,Killer Soup,Episode 1
Mad,2024-01-10,2024,Movie,,
Conjuring Kannappan (Telugu),2024-01-07,2024,Movie,,
Hi Nanna,2024-01-05,2024,Movie,,
Johnny Test: Season 2: Hoist the Johnny Roger / Johnny's Turbo Toy Force,2023-12-22,2023,Show,Johnny Test,Season 2: Hoist the Johnny Roger / Johnny's Turbo Toy Force
Jujutsu Kaisen: Ryomen Sukuna,2023-12-22,2023,Show,Jujutsu Kaisen,Ryomen Sukuna
Waltair Veerayya,2023-10-03,2023,Movie,,
Dabbe: The Possession,2023-07-07,2023,Show,Dabbe,The Possession
Haikyu!!: Coaches,2023-06-27,2023,Show,Haikyu!!,Coaches
Haikyu!!: Guarding Your Back,2023-06-27,2023,Show,Haikyu!!,Guarding Your Back
Haikyu!!: The Iron Wall,2023-06-27,2023,Show,Haikyu!!,The Iron Wall
Haikyu!!: Winners and Losers,2023-06-27,2023,Show,Haikyu!!,Winners and Losers
Haikyu!!: Revival,2023-06-27,2023,Show,Haikyu!!,Revival
Haikyu!!: Formidable Opponents,2023-06-27,2023,Show,Haikyu!!,Formidable Opponents
Fast & Furious Spy Racers: Season 4: Mexico: The Fugitives,2023-06-27,2023,Show,Fast & Furious Spy Racers,Season 4: Mexico: The Fugitives
Fast & Furious Spy Racers: Season 4: Mexico: The Convoy,2023-06-27,2023,Show,Fast & Furious Spy Racers,Season 4: Mexico: The Convoy
Fast & Furious Spy Racers: Season 4: Mexico: Chasing Phantoms,2023-06-27,2023,Show,Fast & Furious Spy Racers,Season 4: Mexico: Chasing Phantoms
Fast & Furious Spy Racers: Season 3: Sahara: Sirocco Fire Explosion,2023-06-27,2023,Show,Fast & Furious Spy Racers,Season 3: Sahara: Sirocco Fire Explosion
Kaleidoscope: Limited Series: Blue (5 Days Before the Heist),2023-03-28,2023,Show,Kaleidoscope,Limited Series: Blue (5 Days Before the Heist)
Kaleidoscope: Limited Series: Green (7 Years Before the Heist),2023-03-28,2023,Show,Kaleidoscope,Limited Series: Green (7 Years Before the Heist)
Kaleidoscope: Limited Series: Yellow (6 Weeks Before the Heist),2023-03-28,2023,Show,Kaleidoscope,Limited Series: Yellow (6 Weeks Before the Heist)
Kaleidoscope: Limited Series: Black,2023-03-28,2023,Show,Kaleidoscope,Limited Series: Black
Glass Onion: A Knives Out Mystery,2022-12-28,2022,Show,Glass Onion,A Knives Out Mystery
The Debt Collector 2,2022-08-16,2022,Movie,,
The Foreigner,2022-07-17,2022,Movie,,
Zindagi Na Milegi Dobara,2022-07-17,2022,Movie,,
Sex Education: Season 1: Episode 2,2022-07-07,2022,Show,Sex Education,Season 1: Episode 2
Sex Education: Season 1: Episode 1,2022-07-07,2022,Show,Sex Education,Season 1: Episode 1
The Influence,2022-03-16,2022,Movie,,
Parmanu: The Story of Pokhran,2021-12-14,2021,Show,Parmanu,The Story of Pokhran
Most Eligible Bachelor,2021-12-14,2021,Movie,,
Grey's Anatomy: Season 13: Why Try to Change Me Now,2021-08-21,2021,Show,Grey's Anatomy,Season 13: Why Try to Change Me Now
Grey's Anatomy: Season 13: Roar,2021-08-21,2021,Show,Grey's Anatomy,Season 13: Roar
Blue Miracle,2021-08-17,2021,Movie,,
Outer Banks: Season 2: The Coastal Venture,2021-08-16,2021,Show,Outer Banks,Season 2: The Coastal Venture
Outer Banks: Season 2: Trapped,2021-08-16,2021,Show,Outer Banks,Season 2: Trapped
Outer Banks: Season 2: The Cross,2021-08-16,2021,Show,Outer Banks,Season 2: The Cross
Outer Banks: Season 2: The Bonfire,2021-08-16,2021,Show,Outer Banks,Season 2: The Bonfire
Outer Banks: Season 2: My Druthers,2021-08-16,2021,Show,Outer Banks,Season 2: My Druthers
Outer Banks: Season 2: The Darkest Hour,2021-08-16,2021,Show,Outer Banks,Season 2: The Darkest Hour
Outer Banks: Season 2: Homecoming,2021-08-16,2021,Show,Outer Banks,Season 2: Homecoming
Outer Banks: Season 2: Prayers,2021-08-16,2021,Show,Outer Banks,Season 2: Prayers
Outer Banks: Season 2: The Heist,2021-08-16,2021,Show,Outer Banks,Season 2: The Heist
Outer Banks: Season 2: The Gold,2021-08-16,2021,Show,Outer Banks,Season 2: The Gold
Outer Banks: Season 1: The Phantom,2021-08-16,2021,Show,Outer Banks,Season 1: The Phantom
Outer Banks: Season 1: The Bell Tower,2021-08-15,2021,Show,Outer Banks,Season 1: The Bell Tower
Outer Banks: Season 1: The Runway,2021-08-15,2021,Show,Outer Banks,Season 1: The Runway
Outer Banks: Season 1: Dead Calm,2021-08-15,2021,Show,Outer Banks,Season 1: Dead Calm
Outer Banks: Season 1: Parcel 9,2021-08-15,2021,Show,Outer Banks,Season 1: Parcel 9
Outer Banks: Season 1: Midsummers,2021-08-15,2021,Show,Outer Banks,Season 1: Midsummers
Outer Banks: Season 1: Spy Games,2021-08-15,2021,Show,Outer Banks,Season 1: Spy Games
Outer Banks: Season 1: The Forbidden Zone,2021-08-15,2021,Show,Outer Banks,Season 1: The Forbidden Zone
Outer Banks: Season 1: The Lucky Compass,2021-08-15,2021,Show,Outer Banks,Season 1: The Lucky Compass
Outer Banks: Season 1: Pilot,2021-08-15,2021,Show,Outer Banks,Season 1: Pilot
Kung Fu Panda 3,2021-07-05,2021,Movie,,
"Ragnarok: Season 2: What Happened to the Nice, Old Lady?",2021-06-17,2021,Show,Ragnarok,"Season 2: What Happened to the Nice, Old Lady?"
Ragnarok: Season 2: Brothers in Arms,2021-06-17,2021,Show,Ragnarok,Season 2: Brothers in Arms
Money Heist: Part 4: Game Over,2021-06-17,2021,Show,Money Heist,Part 4: Game Over
Extraction,2021-05-14,2021,Movie,,
In the Shadow of the Moon,2021-05-12,2021,Movie,,
Bridget Jones's Diary,2021-04-29,2021,Movie,,
Crazy Rich Asians,2021-04-25,2021,Movie,,
The Holiday,2021-04-22,2021,Movie,,
Madagascar: Escape 2 Africa,2021-01-18,2021,Show,Madagascar,Escape 2 Africa
Delhi Crime: Season 1: Episode 1,2020-10-24,2020,Show,Delhi Crime,Season 1: Episode 1
Ala Vaikunthapurramuloo,2020-05-29,2020,Movie,,
Lucifer: Lucifer: Season 4 (Portrait Product Preview),2020-05-28,2020,Show,Lucifer,Lucifer: Season 4 (Portrait Product Preview)
Stranger Things: Stranger Things 3: Chapter Eight: The Battle of Starcourt,2019-07-31,2019,Show,Stranger Things,Stranger Things 3: Chapter Eight: The Battle of Starcourt
Stranger Things: Stranger Things 3: Chapter Seven: The Bite,2019-07-31,2019,Show,Stranger Things,Stranger Things 3: Chapter Seven: The Bite
Stranger Things: Stranger Things 3: Chapter Six: E Pluribus Unum,2019-07-31,2019,Show,Stranger Things,Stranger Things 3: Chapter Six: E Pluribus Unum
Stranger Things: Chapter One: The Vanishing of Will Byers,2019-07-31,2019,Show,Stranger Things,Chapter One: The Vanishing of Will Byers
Happy New Year,2019-07-17,2019,Movie,,
Captain America: The First Avenger,2019-07-13,2019,Show,Captain America,The First Avenger
The Kissing Booth,2019-07-13,2019,Movie,,
Point Blank,2019-07-12,2019,Movie,,
 ,2019-07-11,2019,Movie,,
 ,2019-07-11,2019,Movie,,
 ,2019-07-07,2019,Movie,,
Awe,2019-07-07,2019,Movie,,
Zumbo's Just Desserts: Episode 1,2019-07-06,2019,Show,Zumbo's Just Desserts,Episode 1
Fashion,2019-07-06,2019,Movie,,
Friends: The One Where Nana Dies Twice,2019-07-04,2019,Show,Friends,The One Where Nana Dies Twice
Friends: The One with the Blackout,2019-07-04,2019,Show,Friends,The One with the Blackout
Friends: The One with the Butt,2019-07-04,2019,Show,Friends,The One with the Butt
Friends: The One with the East German Laundry Detergent,2019-07-04,2019,Show,Friends,The One with the East German Laundry Detergent
Friends: The One with George Stephanopoulos,2019-07-04,2019,Show,Friends,The One with George Stephanopoulos
Luka Chuppi,2019-07-04,2019,Movie,,
Sacred Games: Season 1: Halahala ,2019-07-04,2019,Show,Sacred Games,Season 1: Halahala
Sacred Games: Season 1: Ashwathama ,2019-07-04,2019,Show,Sacred Games,Season 1: Ashwathama
The Princess Diaries 2: Royal Engagement,2019-07-03,2019,Show,The Princess Diaries 2,Royal Engagement
The Perfect Date,2019-07-01,2019,Movie,,
Iron Man,2019-07-01,2019,Movie,,
Doctor Strange,2019-07-01,2019,Movie,,
 ,2019-06-30,2019,Movie,,
Andhadhun,2019-06-30,2019,Movie,,
Gossip Girl: Season 5: The Jewel of Denial,2019-06-28,2019,Show,Gossip Girl,Season 5: The Jewel of Denial
Gossip Girl: Season 6: Portrait of a Lady Alexander,2019-06-28,2019,Show,Gossip Girl,Season 6: Portrait of a Lady Alexander
Gossip Girl: Season 1: Pilot,2019-06-28,2019,Show,Gossip Girl,Season 1: Pilot
Lust Stories,2019-06-17,2019,Movie,,
Delhi Crime: Season 1: Episode 7,2019-06-16,2019,Show,Delhi Crime,Season 1: Episode 7
Delhi Crime: Season 1: Episode 6,2019-06-16,2019,Show,Delhi Crime,Season 1: Episode 6
Delhi Crime: Season 1: Episode 5,2019-06-16,2019,Show,Delhi Crime,Season 1: Episode 5
Delhi Crime: Season 1: Episode 4,2019-06-15,2019,Show,Delhi Crime,Season 1: Episode 4
Delhi Crime: Season 1: Episode 3,2019-06-14,2019,Show,Delhi Crime,Season 1: Episode 3
Delhi Crime: Season 1: Episode 2,2019-06-13,2019,Show,Delhi Crime,Season 1: Episode 2
Kaabil,2019-06-13,2019,Movie,,
Little Things: Season 2: Milk Cake,2019-06-12,2019,Show,Little Things,Season 2: Milk Cake
Half Girlfriend,2019-06-11,2019,Movie,,
Petta,2019-06-11,2019,Movie,,
Chopsticks,2019-06-10,2019,Movie,,
Friends: The One with the Thumb,2019-04-14,2019,Show,Friends,The One with the Thumb
Friends: The One with the Sonogram at the End,2019-04-14,2019,Show,Friends,The One with the Sonogram at the End
Friends: The One Where Monica Gets a Roommate (Pilot),2019-04-13,2019,Show,Friends,The One Where Monica Gets a Roommate (Pilot)
2012,2019-03-28,2019,Movie,,
Lost in Space: Season 1: Impact,2019-03-28,2019,Show,Lost in Space,Season 1: Impact
Riverdale: Season 1: Chapter One: The River's Edge,2019-03-28,2019,Show,Riverdale,Season 1: Chapter One: The River's Edge
"Gossip Girl: Season 6: New York, I Love You, XOXO",2019-02-28,2019,Show,Gossip Girl,"Season 6: New York, I Love You, XOXO"
Gossip Girl: Season 6: The Revengers,2019-02-28,2019,Show,Gossip Girl,Season 6: The Revengers
Judwaa 2,2019-02-14,2019,Movie,,
The Walking Dead: Season 1: Days Gone Bye,2019-02-13,2019,Show,The Walking Dead,Season 1: Days Gone Bye
Chinese Zodiac,2017-09-01,2017,Movie,,
Immoral Tales,2017-02-13,2017,Movie,,
Don't Blame the Kid,2017-02-13,2017,Movie,,
Criminal Minds: Compulsion,2017-02-13,2017,Show,Criminal Minds,Compulsion
Criminal Minds: Extreme Aggressor,2017-02-13,2017,Show,Criminal Minds,Extreme Aggressor
Sons of Anarchy: Pilot,2017-02-13,2017,Show,Sons of Anarchy,Pilot
Marvel's Luke Cage: Moment of Truth,2017-02-13,2017,Show,Marvel's Luke Cage,Moment of Truth
Rosario Tijeras,2016-02-02,2016,Movie,,
Ungli,2016-02-02,2016,Movie,,
Hate Story,2015-06-12,2015,Movie,,
Queen,2015-06-12,2015,Movie,,
Humshakals,2015-04-24,2015,Movie,,
Zoom: Academy for Superheroes,2015-04-24,2015,Show,Zoom,Academy for Superheroes
Shooter,2014-11-07,2014,Movie,,
Race,2014-10-13,2014,Movie,,
Luv Shuv Tey Chicken Khurana,2014-10-11,2014,Movie,,
Johnny Gaddaar,2014-10-11,2014,Movie,,
Cash,2014-10-11,2014,Movie,,
Dhoom,2014-10-11,2014,Movie,,
Black Friday,2014-10-04,2014,Movie,,
D-Day,2014-10-04,2014,Movie,,
Mere Brother Ki Dulhan,2014-10-03,2014,Movie,,
Aurangzeb,2014-10-03,2014,Movie,,
Bol Bachchan,2014-10-03,2014,Movie,,
Chennai Express,2014-10-03,2014,Movie,,
Rampage: Capital Punishment ,2014-10-02,2014,Show,Rampage,Capital Punishment
